Brand,Website
J. (Junaid Jamshed),https://www.junaidjamshed.com
Bonanza Satrangi,https://bonanzasatrangi.com
Edenrobe,https://edenrobe.com
Uniworth,https://uniworthshop.com
Outfitters,https://outfitters.com.pk
Royal Tag,https://royaltag.com.pk
Diners,https://diners.com.pk
Lawrencepur,https://lawrencepur.com
Charcoal,https://charcoal.com.pk
Monark,https://monark.com.pk
Cambridge,https://thecambridgeshop.com
Breakout,https://breakout.com.pk
Engine,https://engine.com.pk
Limelight,https://limelight.pk
Stylo,https://stylo.com.pk
Borjan,https://borjan.com.pk
Khaadi,https://khaadi.com
Sveston Watches,https://svestonwatches.com
Naviforce,https://naviforcewatch.com
Curren,https://currenwatches.com
Tomi,https://tomiwatches.com
Q&Q,https://qq-watches.com
Skmei,https://skmei-watch.com
Service,https://servis.com.pk
ECS,https://ecs.com.pk
Unze,https://unze.com.pk
