id,name,category,brand,price,image_path,description
1,Bag A,bags,StyleCo,68,products\bags\bags_001.jpg,Stylish Bag A from StyleCo
2,Bag B,bags,ModernLook,154,products\bags\bags_002.jpg,Stylish Bag B from ModernLook
3,Bag C,bags,UrbanStyle,76,products\bags\bags_003.jpg,Stylish Bag C from UrbanStyle
4,Bag D,bags,LuxeLine,148,products\bags\bags_004.jpg,Stylish Bag D from LuxeLine
5,Bag E,bags,ElegantStyle,181,products\bags\bags_005.jpg,Stylish Bag E from ElegantStyle
6,Bag F,bags,ElegantStyle,188,products\bags\bags_006.jpg,Stylish Bag F from ElegantStyle
7,Bag G,bags,ClassicWear,94,products\bags\bags_007.jpg,Stylish Bag G from ClassicWear
8,Bag H,bags,ModernLook,140,products\bags\bags_008.jpg,Stylish Bag H from ModernLook
9,Bag I,bags,UrbanStyle,71,products\bags\bags_009.jpg,Stylish Bag I from UrbanStyle
10,Bag J,bags,ModernLook,134,products\bags\bags_010.jpg,Stylish Bag J from ModernLook
11,Bag K,bags,ChicBoutique,198,products\bags\bags_011.jpg,Stylish Bag K from ChicBoutique
12,Bag L,bags,UrbanStyle,188,products\bags\bags_012.jpg,Stylish Bag L from UrbanStyle
13,Bag M,bags,StyleCo,44,products\bags\bags_013.jpg,Stylish Bag M from StyleCo
14,Bag N,bags,CasualVibes,153,products\bags\bags_014.jpg,Stylish Bag N from CasualVibes
15,Bag O,bags,UrbanStyle,79,products\bags\bags_015.jpg,Stylish Bag O from UrbanStyle
16,Bag P,bags,UrbanStyle,157,products\bags\bags_016.jpg,Stylish Bag P from UrbanStyle
17,Bag Q,bags,ElegantStyle,75,products\bags\bags_017.jpg,Stylish Bag Q from ElegantStyle
18,Bag R,bags,StyleCo,122,products\bags\bags_018.jpg,Stylish Bag R from StyleCo
19,Bag S,bags,ElegantStyle,163,products\bags\bags_019.jpg,Stylish Bag S from ElegantStyle
20,Bag T,bags,CasualVibes,30,products\bags\bags_020.jpg,Stylish Bag T from CasualVibes
21,Shoe A,shoes,ClassicWear,95,products\shoes\shoes_021.jpg,Stylish Shoe A from ClassicWear
22,Shoe B,shoes,ModernLook,178,products\shoes\shoes_022.jpg,Stylish Shoe B from ModernLook
23,Shoe C,shoes,CasualVibes,136,products\shoes\shoes_023.jpg,Stylish Shoe C from CasualVibes
24,Shoe D,shoes,ModernLook,149,products\shoes\shoes_024.jpg,Stylish Shoe D from ModernLook
25,Shoe E,shoes,FashionHub,59,products\shoes\shoes_025.jpg,Stylish Shoe E from FashionHub
26,Shoe F,shoes,ChicBoutique,126,products\shoes\shoes_026.jpg,Stylish Shoe F from ChicBoutique
27,Shoe G,shoes,ClassicWear,78,products\shoes\shoes_027.jpg,Stylish Shoe G from ClassicWear
28,Shoe H,shoes,LuxeLine,61,products\shoes\shoes_028.jpg,Stylish Shoe H from LuxeLine
29,Shoe I,shoes,ElegantStyle,86,products\shoes\shoes_029.jpg,Stylish Shoe I from ElegantStyle
30,Shoe J,shoes,TrendyWear,165,products\shoes\shoes_030.jpg,Stylish Shoe J from TrendyWear
31,Shoe K,shoes,ModernLook,120,products\shoes\shoes_031.jpg,Stylish Shoe K from ModernLook
32,Shoe L,shoes,ChicBoutique,80,products\shoes\shoes_032.jpg,Stylish Shoe L from ChicBoutique
33,Shoe M,shoes,LuxeLine,108,products\shoes\shoes_033.jpg,Stylish Shoe M from LuxeLine
34,Shoe N,shoes,ModernLook,41,products\shoes\shoes_034.jpg,Stylish Shoe N from ModernLook
35,Shoe O,shoes,ModernLook,168,products\shoes\shoes_035.jpg,Stylish Shoe O from ModernLook
36,Shoe P,shoes,FashionHub,44,products\shoes\shoes_036.jpg,Stylish Shoe P from FashionHub
37,Shoe Q,shoes,ChicBoutique,180,products\shoes\shoes_037.jpg,Stylish Shoe Q from ChicBoutique
38,Shoe R,shoes,ModernLook,171,products\shoes\shoes_038.jpg,Stylish Shoe R from ModernLook
39,Shoe S,shoes,LuxeLine,155,products\shoes\shoes_039.jpg,Stylish Shoe S from LuxeLine
40,Shoe T,shoes,CasualVibes,63,products\shoes\shoes_040.jpg,Stylish Shoe T from CasualVibes
41,Watche A,watches,LuxeLine,239,products\watches\watches_041.jpg,Stylish Watche A from LuxeLine
42,Watche B,watches,FashionHub,201,products\watches\watches_042.jpg,Stylish Watche B from FashionHub
43,Watche C,watches,ClassicWear,219,products\watches\watches_043.jpg,Stylish Watche C from ClassicWear
44,Watche D,watches,TrendyWear,288,products\watches\watches_044.jpg,Stylish Watche D from TrendyWear
45,Watche E,watches,CasualVibes,184,products\watches\watches_045.jpg,Stylish Watche E from CasualVibes
46,Watche F,watches,LuxeLine,288,products\watches\watches_046.jpg,Stylish Watche F from LuxeLine
47,Watche G,watches,ChicBoutique,71,products\watches\watches_047.jpg,Stylish Watche G from ChicBoutique
48,Watche H,watches,ModernLook,101,products\watches\watches_048.jpg,Stylish Watche H from ModernLook
49,Watche I,watches,TrendyWear,141,products\watches\watches_049.jpg,Stylish Watche I from TrendyWear
50,Watche J,watches,StyleCo,168,products\watches\watches_050.jpg,Stylish Watche J from StyleCo
51,Watche K,watches,ChicBoutique,296,products\watches\watches_051.jpg,Stylish Watche K from ChicBoutique
52,Watche L,watches,LuxeLine,132,products\watches\watches_052.jpg,Stylish Watche L from LuxeLine
53,Watche M,watches,ChicBoutique,287,products\watches\watches_053.jpg,Stylish Watche M from ChicBoutique
54,Watche N,watches,StyleCo,126,products\watches\watches_054.jpg,Stylish Watche N from StyleCo
55,Watche O,watches,TrendyWear,85,products\watches\watches_055.jpg,Stylish Watche O from TrendyWear
56,Watche P,watches,UrbanStyle,248,products\watches\watches_056.jpg,Stylish Watche P from UrbanStyle
57,Watche Q,watches,FashionHub,138,products\watches\watches_057.jpg,Stylish Watche Q from FashionHub
58,Watche R,watches,UrbanStyle,268,products\watches\watches_058.jpg,Stylish Watche R from UrbanStyle
59,Watche S,watches,ClassicWear,109,products\watches\watches_059.jpg,Stylish Watche S from ClassicWear
60,Watche T,watches,ModernLook,100,products\watches\watches_060.jpg,Stylish Watche T from ModernLook
61,Clothin A,clothing,LuxeLine,42,products\clothing\clothing_061.jpg,Stylish Clothin A from LuxeLine
62,Clothin B,clothing,FashionHub,65,products\clothing\clothing_062.jpg,Stylish Clothin B from FashionHub
63,Clothin C,clothing,ChicBoutique,93,products\clothing\clothing_063.jpg,Stylish Clothin C from ChicBoutique
64,Clothin D,clothing,LuxeLine,93,products\clothing\clothing_064.jpg,Stylish Clothin D from LuxeLine
65,Clothin E,clothing,LuxeLine,134,products\clothing\clothing_065.jpg,Stylish Clothin E from LuxeLine
66,Clothin F,clothing,LuxeLine,31,products\clothing\clothing_066.jpg,Stylish Clothin F from LuxeLine
67,Clothin G,clothing,FashionHub,83,products\clothing\clothing_067.jpg,Stylish Clothin G from FashionHub
68,Clothin H,clothing,ElegantStyle,40,products\clothing\clothing_068.jpg,Stylish Clothin H from ElegantStyle
69,Clothin I,clothing,CasualVibes,65,products\clothing\clothing_069.jpg,Stylish Clothin I from CasualVibes
70,Clothin J,clothing,FashionHub,53,products\clothing\clothing_070.jpg,Stylish Clothin J from FashionHub
71,Clothin K,clothing,UrbanStyle,37,products\clothing\clothing_071.jpg,Stylish Clothin K from UrbanStyle
72,Clothin L,clothing,StyleCo,150,products\clothing\clothing_072.jpg,Stylish Clothin L from StyleCo
73,Clothin M,clothing,FashionHub,22,products\clothing\clothing_073.jpg,Stylish Clothin M from FashionHub
74,Clothin N,clothing,ElegantStyle,102,products\clothing\clothing_074.jpg,Stylish Clothin N from ElegantStyle
75,Clothin O,clothing,ElegantStyle,64,products\clothing\clothing_075.jpg,Stylish Clothin O from ElegantStyle
76,Clothin P,clothing,UrbanStyle,103,products\clothing\clothing_076.jpg,Stylish Clothin P from UrbanStyle
77,Clothin Q,clothing,UrbanStyle,101,products\clothing\clothing_077.jpg,Stylish Clothin Q from UrbanStyle
78,Clothin R,clothing,FashionHub,30,products\clothing\clothing_078.jpg,Stylish Clothin R from FashionHub
79,Clothin S,clothing,UrbanStyle,115,products\clothing\clothing_079.jpg,Stylish Clothin S from UrbanStyle
80,Clothin T,clothing,ElegantStyle,26,products\clothing\clothing_080.jpg,Stylish Clothin T from ElegantStyle
81,Accessorie A,accessories,TrendyWear,86,products\accessories\accessories_081.jpg,Stylish Accessorie A from TrendyWear
82,Accessorie B,accessories,StyleCo,25,products\accessories\accessories_082.jpg,Stylish Accessorie B from StyleCo
83,Accessorie C,accessories,ModernLook,72,products\accessories\accessories_083.jpg,Stylish Accessorie C from ModernLook
84,Accessorie D,accessories,CasualVibes,70,products\accessories\accessories_084.jpg,Stylish Accessorie D from CasualVibes
85,Accessorie E,accessories,CasualVibes,48,products\accessories\accessories_085.jpg,Stylish Accessorie E from CasualVibes
86,Accessorie F,accessories,StyleCo,99,products\accessories\accessories_086.jpg,Stylish Accessorie F from StyleCo
87,Accessorie G,accessories,ModernLook,73,products\accessories\accessories_087.jpg,Stylish Accessorie G from ModernLook
88,Accessorie H,accessories,LuxeLine,74,products\accessories\accessories_088.jpg,Stylish Accessorie H from LuxeLine
89,Accessorie I,accessories,ModernLook,70,products\accessories\accessories_089.jpg,Stylish Accessorie I from ModernLook
90,Accessorie J,accessories,ModernLook,79,products\accessories\accessories_090.jpg,Stylish Accessorie J from ModernLook
91,Accessorie K,accessories,UrbanStyle,21,products\accessories\accessories_091.jpg,Stylish Accessorie K from UrbanStyle
92,Accessorie L,accessories,UrbanStyle,32,products\accessories\accessories_092.jpg,Stylish Accessorie L from UrbanStyle
93,Accessorie M,accessories,LuxeLine,76,products\accessories\accessories_093.jpg,Stylish Accessorie M from LuxeLine
94,Accessorie N,accessories,UrbanStyle,32,products\accessories\accessories_094.jpg,Stylish Accessorie N from UrbanStyle
95,Accessorie O,accessories,ElegantStyle,53,products\accessories\accessories_095.jpg,Stylish Accessorie O from ElegantStyle
96,Accessorie P,accessories,ModernLook,55,products\accessories\accessories_096.jpg,Stylish Accessorie P from ModernLook
97,Accessorie Q,accessories,FashionHub,67,products\accessories\accessories_097.jpg,Stylish Accessorie Q from FashionHub
98,Accessorie R,accessories,ModernLook,49,products\accessories\accessories_098.jpg,Stylish Accessorie R from ModernLook
99,Accessorie S,accessories,ElegantStyle,63,products\accessories\accessories_099.jpg,Stylish Accessorie S from ElegantStyle
100,Accessorie T,accessories,LuxeLine,72,products\accessories\accessories_100.jpg,Stylish Accessorie T from LuxeLine
